{
   "Sheet1": [
       {
           "de-ch": "https://ch.laderach.com/",
           "en-ch": "https://ch.laderach.com/en/",
           "fr-ch": "https://ch.laderach.com/fr/",
           "en-de": "https://eu.laderach.com/",
           "de-de": "https://eu.laderach.com/de/",
           "fr-de": "https://eu.laderach.com/fr/",
           "en-ca": "https://ca.laderach.com/",
           "fr-ca": "https://ca.laderach.com/fr/",
           "en-us": "https://us.laderach.com/",
           "en-gb": "https://uk.laderach.com/"
       },
       {
           "de-ch": "https://ch.laderach.com/unsere-produkte/",
           "en-ch": "https://ch.laderach.com/en/our-products/",
           "fr-ch": "https://ch.laderach.com/fr/nos-produits/",
           "en-de": "https://eu.laderach.com/our-products/",
           "de-de": "https://eu.laderach.com/de/unsere-produkte/",
           "fr-de": "https://eu.laderach.com/fr/nos-produits/",
           "en-ca": "https://ca.laderach.com/our-products/",
           "fr-ca": "https://ca.laderach.com/fr/nos-produits/",
           "en-us": "https://us.laderach.com/our-products/",
           "en-gb": "https://uk.laderach.com/our-products/"
       },
       {
           "de-ch": "https://ch.laderach.com/popcorn",
           "en-ch": "https://ch.laderach.com/en/popcorn",
           "fr-ch": "https://ch.laderach.com/fr/popcorn/",
           "en-de": "https://eu.laderach.com/en/popcorn",
           "de-de": "https://eu.laderach.com/de/unsere-produkte/",
           "fr-de": "https://eu.laderach.com/fr/popcorn",
           "en-ca": "https://ca.laderach.com/popcorn/",
           "fr-ca": "https://ca.laderach.com/fr/popcorn",
           "en-us": "https://us.laderach.com/popcorn",
           "en-gb": "https://uk.laderach.com/popcorn"
       },
       {
           "de-ch": "https://ch.laderach.com/masters-collection",
           "en-ch": "https://ch.laderach.com/en/masters-collection",
           "fr-ch": "https://ch.laderach.com/fr/masters-collection",
           "en-de": "https://eu.laderach.com/master-collection/",
           "de-de": "https://eu.laderach.com/de/master-collection/",
           "fr-de": "https://eu.laderach.com/fr/master-collection/",
           "en-ca": "https://ca.laderach.com/en/master-collection",
           "fr-ca": "https://ca.laderach.com/fr/master-collection/",
           "en-us": "https://us.laderach.com/master-collection",
           "en-gb": "https://uk.laderach.com/masters-collection-home/"
       },
       {
           "de-ch": "https://ch.laderach.com/tablet-chocolate/",
           "en-ch": "https://ch.laderach.com/en/tablet-chocolate/",
           "fr-ch": "https://ch.laderach.com/fr/tablet-chocolate/",
           "en-de": "https://eu.laderach.com/tablet-chocolate/",
           "de-de": "https://eu.laderach.com/de/tablet-chocolate/",
           "fr-de": "https://eu.laderach.com/fr/tablet-chocolate/",
           "en-ca": "https://ca.laderach.com/tablet-chocolate/",
           "fr-ca": "https://ca.laderach.com/fr/tablet-chocolat/",
           "en-us": "https://us.laderach.com/tablet-chocolate/",
           "en-gb": "https://uk.laderach.com/tablet-chocolate/"
       },
       {
           "de-ch": "https://ch.laderach.com/unsere-filialen/",
           "en-ch": "https://ch.laderach.com/en/our-locations/",
           "fr-ch": "https://ch.laderach.com/fr/nos-magasins/",
           "en-de": "https://eu.laderach.com/our-locations/",
           "de-de": "https://eu.laderach.com/de/unsere-filialen/",
           "fr-de": "https://eu.laderach.com/fr/nos-magasins/",
           "en-ca": "https://ca.laderach.com/our-locations/",
           "fr-ca": "https://ca.laderach.com/fr/nos-magasins/",
           "en-us": "https://us.laderach.com/our-locations/",
           "en-gb": "https://uk.laderach.com/our-locations/"
       },
       {
           "de-ch": "https://ch.laderach.com/ueber-uns/",
           "en-ch": "https://ch.laderach.com/en/about-us/",
           "fr-ch": "https://ch.laderach.com/fr/a-propos-de-nous/",
           "en-de": "https://eu.laderach.com/about-us/",
           "de-de": "https://eu.laderach.com/de/ueber-uns/",
           "fr-de": "https://eu.laderach.com/fr/a-propos-de-nous/",
           "en-ca": "https://ca.laderach.com/about-us/",
           "fr-ca": "https://ca.laderach.com/fr/a-propos-de-nous/",
           "en-us": "https://us.laderach.com/about-us/",
           "en-gb": "https://uk.laderach.com/about-us/"
       },
       {
           "de-ch": "https://ch.laderach.com/unsere-marke",
           "en-ch": "https://ch.laderach.com/en/our-brand",
           "fr-ch": "https://ch.laderach.com/fr/notre-marque",
           "en-de": "https://eu.laderach.com/our-brand",
           "de-de": "https://eu.laderach.com/de/unsere-marke",
           "fr-de": "https://eu.laderach.com/fr/notre-marque",
           "en-ca": "https://ca.laderach.com/our-brand",
           "fr-ca": "https://ca.laderach.com/fr/notre-marque",
           "en-us": "https://us.laderach.com/our-brand",
           "en-gb": "https://uk.laderach.com/our-brand"
       },
       {
           "de-ch": "https://ch.laderach.com/unsere-werte",
           "en-ch": "https://ch.laderach.com/en/our-values",
           "fr-ch": "https://ch.laderach.com/fr/nos-valeurs",
           "en-de": "https://eu.laderach.com/our-values",
           "de-de": "https://eu.laderach.com/de/unsere-werte",
           "fr-de": "https://eu.laderach.com/fr/nos-valeurs",
           "en-ca": "https://ca.laderach.com/our-values",
           "fr-ca": "https://ca.laderach.com/fr/nos-valeurs",
           "en-us": "https://us.laderach.com/our-values",
           "en-gb": "https://uk.laderach.com/our-values"
       },
       {
           "de-ch": "https://ch.laderach.com/karriere/",
           "en-ch": "https://ch.laderach.com/en/career/",
           "fr-ch": "https://ch.laderach.com/fr/carriere/",
           "en-de": "https://eu.laderach.com/career/",
           "de-de": "https://eu.laderach.com/de/karriere/",
           "fr-de": "https://eu.laderach.com/fr/carriere/",
           "en-ca": "https://ca.laderach.com/career/",
           "fr-ca": "https://ca.laderach.com/fr/carriere/",
           "en-us": "https://us.laderach.com/career/",
           "en-gb": "https://uk.laderach.com/career/"
       },
       {
           "de-ch": "https://ch.laderach.com/unsere-geschichte/",
           "en-ch": "https://ch.laderach.com/en/our-history/",
           "fr-ch": "https://ch.laderach.com/fr/notre-histoire/",
           "en-de": "https://eu.laderach.com/our-history/",
           "de-de": "https://eu.laderach.com/de/unsere-geschichte/",
           "fr-de": "https://eu.laderach.com/fr/notre-histoire/",
           "en-ca": "https://ca.laderach.com/our-history/",
           "fr-ca": "https://ca.laderach.com/fr/notre-histoire/",
           "en-us": "https://us.laderach.com/our-history",
           "en-gb": "https://uk.laderach.com/our-history"
       },
       {
           "de-ch": "https://ch.laderach.com/zahlen-fakten/",
           "en-ch": "https://ch.laderach.com/en/facts-figures/",
           "fr-ch": "https://ch.laderach.com/fr/faits-et-chiffres/",
           "en-de": "https://eu.laderach.com/facts-and-figures/",
           "de-de": "https://eu.laderach.com/de/zahlen-fakten/",
           "fr-de": "https://eu.laderach.com/fr/faits-et-chiffres/",
           "en-ca": "https://ca.laderach.com/facts-figures/",
           "fr-ca": "https://ca.laderach.com/fr/faits-et-chiffres/",
           "en-us": "https://us.laderach.com/facts-figures",
           "en-gb": "https://uk.laderach.com/facts-figures"
       },
       {
           "de-ch": "https://ch.laderach.com/herkunft/",
           "en-ch": "https://ch.laderach.com/en/origin/",
           "fr-ch": "https://ch.laderach.com/fr/origine/",
           "en-de": "https://eu.laderach.com/origin/",
           "de-de": "https://eu.laderach.com/de/herkunft/",
           "fr-de": "https://eu.laderach.com/fr/origine/",
           "en-ca": "https://ca.laderach.com/origin/",
           "fr-ca": "https://ca.laderach.com/fr/origine/",
           "en-us": "https://us.laderach.com/origin/",
           "en-gb": "https://uk.laderach.com/origin/"
       },
       {
           "de-ch": "https://ch.laderach.com/unsere-schoggi/",
           "en-ch": "https://ch.laderach.com/en/our-chocolate/",
           "fr-ch": "https://ch.laderach.com/fr/notre-chocolat/",
           "en-de": "https://eu.laderach.com/our-chocolate/",
           "de-de": "https://eu.laderach.com/de/unsere-schokolade/",
           "fr-de": "https://eu.laderach.com/fr/notre-chocolat/",
           "en-ca": "https://ca.laderach.com/our-chocolate/",
           "fr-ca": "https://ca.laderach.com/fr/notre-chocolat/",
           "en-us": "https://us.laderach.com/our-chocolate/",
           "en-gb": "https://uk.laderach.com/our-chocolate/"
       },
       {
           "de-ch": "https://ch.laderach.com/verantwortliches-handeln/",
           "en-ch": "https://ch.laderach.com/en/social-responsibility/",
           "fr-ch": "https://ch.laderach.com/fr/sourcing-responsable/",
           "en-de": "https://eu.laderach.com/social-responsibility/",
           "de-de": "https://eu.laderach.com/de/verantwortliches-handeln/",
           "fr-de": "https://eu.laderach.com/fr/sourcing-responsable/",
           "en-ca": "https://ca.laderach.com/responsible-sourcing/",
           "fr-ca": "https://ca.laderach.com/fr/sourcing-responsable/",
           "en-us": "https://us.laderach.com/responsible-sourcing/",
           "en-gb": "https://uk.laderach.com/social-responsibility/"
       },
       {
           "de-ch": "https://ch.laderach.com/newsletter/",
           "en-ch": "https://ch.laderach.com/en/newsletter/",
           "fr-ch": "https://ch.laderach.com/fr/newsletter/",
           "en-de": "https://eu.laderach.com/newsletter/",
           "de-de": "https://eu.laderach.com/de/newsletter/",
           "fr-de": "https://eu.laderach.com/fr/newsletter/",
           "en-ca": "https://ca.laderach.com/newsletter/",
           "fr-ca": "https://ca.laderach.com/fr/newsletter/",
           "en-us": "https://us.laderach.com/newsletter/",
           "en-gb": "https://uk.laderach.com/newsletter/"
       },
       {
           "de-ch": "https://ch.laderach.com/allgemeine-geschaeftsbedingungen/",
           "en-ch": "https://ch.laderach.com/en/terms-and-conditions/",
           "fr-ch": "https://ch.laderach.com/fr/conditions-generales/",
           "en-de": "https://eu.laderach.com/terms-and-conditions/",
           "de-de": "https://eu.laderach.com/de/allgemeine-geschaeftsbedingungen/",
           "fr-de": "https://eu.laderach.com/fr/conditions-generales/",
           "en-ca": "https://ca.laderach.com/terms-and-conditions/",
           "fr-ca": "https://ca.laderach.com/fr/conditions-generales/",
           "en-us": "https://us.laderach.com/terms-and-conditions/",
           "en-gb": "https://uk.laderach.com/terms-and-conditions/"
       },
       {
           "de-ch": "https://ch.laderach.com/datenschutzerklaerung/",
           "en-ch": "https://ch.laderach.com/en/privacy-policy/",
           "fr-ch": "https://ch.laderach.com/fr/protection-donnees/",
           "en-de": "https://eu.laderach.com/privacy-policy/",
           "de-de": "https://eu.laderach.com/de/datenschutzerklaerung/",
           "fr-de": "https://eu.laderach.com/fr/protection-donnees/",
           "en-ca": "https://ca.laderach.com/privacy-policy/",
           "fr-ca": "https://ca.laderach.com/fr/protection-donnees/",
           "en-us": "https://us.laderach.com/privacy-policy/",
           "en-gb": "https://uk.laderach.com/privacy-policy/"
       },
       {
           "de-ch": "https://ch.laderach.com/versandinformationen/",
           "en-ch": "https://ch.laderach.com/en/delivery-information/",
           "fr-ch": "https://ch.laderach.com/fr/conditions-de-livraison/",
           "en-de": "https://eu.laderach.com/delivery-information/",
           "de-de": "https://eu.laderach.com/de/versandinformationen/",
           "fr-de": "https://eu.laderach.com/fr/conditions-de-livraison/",
           "en-ca": "https://ca.laderach.com/delivery-information/",
           "fr-ca": "https://ca.laderach.com/fr/informations-de-livraison/",
           "en-us": "https://us.laderach.com/delivery-information/",
           "en-gb": "https://uk.laderach.com/delivery-information/"
       },
       {
           "de-ch": "https://ch.laderach.com/widerrufsrecht/",
           "en-ch": "https://ch.laderach.com/en/right-of-revocation/",
           "fr-ch": "https://ch.laderach.com/fr/droit-de-retractation/",
           "en-de": "https://eu.laderach.com/right-of-revocation/",
           "de-de": "https://eu.laderach.com/de/widerrufsrecht/",
           "fr-de": "https://eu.laderach.com/fr/droit-de-retractation/",
           "en-gb": "https://uk.laderach.com/right-of-revocation/"
       },
       {
           "de-ch": "https://ch.laderach.com/impressum/",
           "en-ch": "https://ch.laderach.com/en/legal-notice/",
           "fr-ch": "https://ch.laderach.com/fr/mentions-legales/",
           "en-de": "https://eu.laderach.com/legal-notice/",
           "de-de": "https://eu.laderach.com/de/impressum/",
           "fr-de": "https://eu.laderach.com/fr/mentions-legales/",
           "en-gb": "https://uk.laderach.com/legal-notice/"
       }
   ]
}